{"cameraMode":{"drawMode":0,"name":"Shaded","section":"Shading Mode"},"sceneLighting":true,"audioPlay":false,"sceneViewState":{"m_AlwaysRefresh":false,"showFog":true,"showSkybox":true,"showFlares":true,"showImageEffects":true,"showParticleSystems":true,"showVisualEffectGraphs":true,"m_FxEnabled":true},"in2DMode":false,"pivot":{"x":79.21642303466797,"y":25.125680923461915,"z":28.34880256652832},"rotation":{"x":-0.05373842641711235,"y":0.9456843733787537,"z":-0.21137379109859467,"w":-0.24041858315467835},"size":3.8679826259613039,"orthographic":false}